,precision,recall,f1-score,support
normal,0.9274472168905951,0.9845150774246129,0.955129472227713,2454.0
offensive,0.9192399049881235,0.6626712328767124,0.7701492537313432,584.0
hate,0.0,0.0,0.0,2.0
accuracy,0.9220394736842106,0.9220394736842106,0.9220394736842106,0.9220394736842106
macro avg,0.6155623739595728,0.549062103433775,0.5750929086530188,3040.0
weighted avg,0.9252603864350606,0.9220394736842106,0.9189654240216817,3040.0
