,precision,recall,f1-score,support
normal,0.9273318872017353,0.9606741573033708,0.9437086092715232,890.0
offensive,0.7049180327868853,0.593103448275862,0.644194756554307,145.0
hate,0.5,0.09090909090909091,0.15384615384615385,11.0
accuracy,0.9005736137667304,0.9005736137667304,0.9005736137667304,0.9005736137667304
macro avg,0.7107499733295403,0.5482288988294411,0.5805831732239947,1046.0
weighted avg,0.8920062087606528,0.9005736137667304,0.8938826096026176,1046.0
