,precision,recall,f1-score,support
normal,0.9478390461997019,0.9754601226993865,0.9614512471655329,1304.0
offensive,0.7411167512690355,0.7053140096618358,0.7227722772277229,207.0
hate,1.0,0.48148148148148145,0.65,54.0
accuracy,0.9226837060702875,0.9226837060702875,0.9226837060702875,0.9226837060702875
macro avg,0.8963185991562458,0.7207518712809012,0.7780745081310853,1565.0
weighted avg,0.9222960279598094,0.9226837060702875,0.9191350081086219,1565.0
