,precision,recall,f1-score,support
normal,0.9499799919967987,0.9595796281325788,0.9547556806756485,2474.0
offensive,0.8253119429590018,0.7887563884156729,0.8066202090592334,587.0
hate,0.3333333333333333,0.5,0.4,2.0
accuracy,0.9265426052889324,0.9265426052889324,0.9265426052889324,0.9265426052889324
macro avg,0.7028750894297113,0.7494453388494172,0.7204586299116272,3063.0
weighted avg,0.9256856929101144,0.9265426052889324,0.9260044455466291,3063.0
