,precision,recall,f1-score,support
normal,0.9584644430459408,0.9819471308833011,0.9700636942675159,1551.0
offensive,0.582089552238806,0.4936708860759494,0.5342465753424658,79.0
hate,0.9560439560439561,0.7435897435897436,0.8365384615384616,117.0
accuracy,0.9439038351459645,0.9439038351459645,0.9439038351459645,0.9439038351459645
macro avg,0.8321993171095676,0.7397359201829982,0.7802829103828145,1747.0
weighted avg,0.9412825235536708,0.9439038351459645,0.9414134340360458,1747.0
