,label,precision,recall,f1,macro_avg_f1
0,normal,0.9394165954681495,0.9650808055337463,0.9520568989654716,0.7146744770301997
1,offensive,0.6680781704003204,0.6012942608253625,0.6321493431412716,0.7146744770301997
2,hate,0.731336124193267,0.49323186144891573,0.5598171889838556,0.7146744770301997
