,precision,recall,f1-score,support
normal,0.9453697534976683,0.9705882352941176,0.9578130273371583,1462.0
offensive,0.5052631578947369,0.4948453608247423,0.5,97.0
hate,0.8367346938775511,0.47674418604651164,0.6074074074074074,86.0
accuracy,0.9167173252279636,0.9167173252279636,0.9167173252279636,0.9167173252279636
macro avg,0.7624558684233188,0.6473925940551238,0.688406811581522,1645.0
weighted avg,0.9137387778740729,0.9167173252279636,0.9124982875404026,1645.0
