,precision,recall,f1-score,support
normal,0.9075144508670521,0.9422355588897224,0.9245491350754509,1333.0
offensive,0.6497695852534562,0.5320754716981132,0.5850622406639004,265.0
hate,0.7619047619047619,0.6666666666666666,0.7111111111111111,24.0
accuracy,0.8711467324290999,0.8711467324290999,0.8711467324290999,0.8711467324290999
macro avg,0.7730629326750901,0.7136592324181673,0.7402408289501542,1622.0
weighted avg,0.8632499490651422,0.8711467324290999,0.8659261143638571,1622.0
