,precision,recall,f1-score,support
not hate speech,0.8333333333333334,0.7205240174672489,0.7728337236533959,229.0
hate speech,0.3904761904761905,0.5540540540540541,0.45810055865921784,74.0
accuracy,0.6798679867986799,0.6798679867986799,0.6798679867986799,0.6798679867986799
macro avg,0.611904761904762,0.6372890357606515,0.6154671411563069,303.0
weighted avg,0.7251768033946252,0.6798679867986799,0.6959681982092732,303.0
