,precision,recall,f1-score,support
neither,0.7447058823529412,0.7776412776412777,0.7608173076923077,814.0
offensive language,0.9130781499202552,0.9053769109119663,0.9092112228692429,3794.0
hate speech,0.31448763250883394,0.31010452961672474,0.312280701754386,287.0
accuracy,0.8492339121552605,0.8492339121552605,0.8492339121552605,0.8492339121552605
macro avg,0.6574238882606768,0.6643742393899895,0.6607697441053122,4895.0
weighted avg,0.8499830520046533,0.8492339121552605,0.8495356954915128,4895.0
