,precision,recall,f1-score,support
normal,0.9441469013006886,0.9670846394984326,0.9554781262098335,1276.0
offensive,0.7024390243902439,0.6990291262135923,0.7007299270072993,206.0
hate,0.9583333333333334,0.42592592592592593,0.5897435897435898,54.0
accuracy,0.912109375,0.912109375,0.912109375,0.912109375
macro avg,0.8683064196747553,0.6973465638793169,0.7486505476535742,1536.0
weighted avg,0.9122290918516073,0.912109375,0.9084548228212271,1536.0
