,precision,recall,f1-score,support
normal,0.9488559892328399,0.9710743801652892,0.9598366235534377,1452.0
offensive,0.4727272727272727,0.5531914893617021,0.5098039215686275,94.0
hate,0.8333333333333334,0.3488372093023256,0.4918032786885246,86.0
accuracy,0.9142156862745098,0.9142156862745098,0.9142156862745098,0.9142156862745098
macro avg,0.7516388650978153,0.6243676929431057,0.6538146079368633,1632.0
weighted avg,0.915344317811957,0.9142156862745098,0.9092521004866763,1632.0
