,precision,recall,f1-score,support
normal,0.9546904913848118,0.9707981829980532,0.9626769626769627,1541.0
offensive,0.45454545454545453,0.5921052631578947,0.5142857142857142,76.0
hate,0.9516129032258065,0.5315315315315315,0.6820809248554913,111.0
accuracy,0.9259259259259259,0.9259259259259259,0.9259259259259259,0.9259259259259259
macro avg,0.7869496163853577,0.6981449925624932,0.7196812006060561,1728.0
weighted avg,0.9324956794140706,0.9259259259259259,0.9249316530265469,1728.0
