,precision,recall,f1-score,support
normal,0.8812019566736548,0.9603960396039604,0.9190962099125364,1313.0
offensive,0.6645161290322581,0.3916349809885932,0.49282296650717705,263.0
hate,0.6428571428571429,0.375,0.4736842105263159,24.0
accuracy,0.858125,0.858125,0.858125,0.858125
macro avg,0.7295250761876853,0.5756770068641845,0.6285344623153432,1600.0
weighted avg,0.8420090515478524,0.858125,0.8423463655369872,1600.0
