,precision,recall,f1-score,support
normal,0.9128094725511302,0.9713631156930126,0.9411764705882353,873.0
offensive,0.6989247311827957,0.4642857142857143,0.5579399141630902,140.0
hate,0.0,0.0,0.0,11.0
accuracy,0.8916015625,0.8916015625,0.8916015625,0.8916015625
macro avg,0.5372447345779753,0.47854960999290896,0.4997054615837751,1024.0
weighted avg,0.8737618475612579,0.8916015625,0.8786705535218379,1024.0
