,precision,recall,f1-score,support
normal,0.9272309459977021,0.9865525672371638,0.9559723593287266,2454.0
offensive,0.9234449760765551,0.660958904109589,0.7704590818363274,584.0
hate,0.0,0.0,0.0,2.0
accuracy,0.9233552631578947,0.9233552631578947,0.9233552631578947,0.9233552631578947
macro avg,0.6168919740247524,0.5491704904489176,0.5754771470550181,3040.0
weighted avg,0.9258936208904832,0.9233552631578947,0.9197053531529968,3040.0
