,precision,recall,f1-score,support
0,0.8851506849315068,0.8960505879742623,0.890567285958432,9014.0
1,0.40051183621241204,0.3739545997610514,0.3867778807537844,1674.0
accuracy,0.8142776946107785,0.8142776946107785,0.8142776946107785,0.8142776946107785
macro avg,0.6428312605719595,0.6350025938676569,0.6386725833561082,10688.0
weighted avg,0.809244488004508,0.8142776946107785,0.8116616474561323,10688.0
