,precision,recall,f1-score,support
0,0.9828836324735528,0.9173507876636343,0.9489872037642738,9014.0
1,0.6280241935483871,0.9028985507246376,0.7407847800237811,1380.0
2,0.6323024054982818,0.6258503401360545,0.629059829059829,294.0
accuracy,0.9074663173652695,0.9074663173652695,0.9074663173652695,0.9074663173652695
macro avg,0.7477367438400738,0.8153665595081089,0.7729439376159614,10688.0
weighted avg,0.9274217213164179,0.9074663173652695,0.9133043825699451,10688.0
