,precision,recall,f1-score,support
0,0.8847539015606243,0.9054054054054054,0.8949605343047966,814.0
1,0.9404670259173723,0.9659989457037428,0.9530620205434924,3794.0
2,0.5878787878787879,0.33797909407665505,0.4292035398230089,287.0
accuracy,0.9191011235955057,0.9191011235955057,0.9191011235955057,0.9191011235955057
macro avg,0.8043665717855948,0.7364611483952678,0.7590753648904326,4895.0
weighted avg,0.910529680147512,0.9191011235955057,0.9126857194678892,4895.0
