,precision,recall,f1-score,support
neither,0.9588310580204779,0.49866873751941426,0.656108597285068,9014.0
offensive language,0.2153421415894301,0.7913043478260869,0.33855216245543335,1380.0
hate speech,0.10333692142088267,0.32653061224489793,0.15699100572363042,294.0
accuracy,0.5317178143712575,0.5317178143712575,0.5317178143712575,0.5317178143712575
macro avg,0.4258367070102635,0.5388345658634663,0.3838839218213772,10688.0
weighted avg,0.8393016810710836,0.5317178143712575,0.6013772675710001,10688.0
