,precision,recall,f1-score,support
not hate speech,0.8438890065664054,0.8839582871089416,0.8634590377113134,9014.0
hate speech,0.16051364365971107,0.11947431302270012,0.13698630136986303,1674.0
accuracy,0.7642215568862275,0.7642215568862275,0.7642215568862275,0.7642215568862275
macro avg,0.5022013251130583,0.5017163000658209,0.5002226695405882,10688.0
weighted avg,0.7368558518596496,0.7642215568862275,0.7496757891488519,10688.0
